,baseline_grade,final_grade,grade_improvement,final_flesch_kincaid,final_dale_chall,iterations_used
baseline_grade,1.0,0.9290645736862573,-0.09243411220242079,-0.4153194072133355,0.15089010135514505,-0.19662117292121803
final_grade,0.9290645736862573,1.0,0.28245663356093964,-0.43894152055527585,0.13598097456890962,-0.20291374893826264
grade_improvement,-0.09243411220242079,0.28245663356093964,1.0,-0.10449542772238768,-0.025267935302423706,-0.03630609519399895
final_flesch_kincaid,-0.4153194072133355,-0.43894152055527585,-0.10449542772238768,1.0,0.21658160483780542,0.5661177825773368
final_dale_chall,0.15089010135514505,0.13598097456890962,-0.025267935302423706,0.21658160483780542,1.0,0.35018159911300667
iterations_used,-0.19662117292121803,-0.20291374893826264,-0.03630609519399895,0.5661177825773368,0.35018159911300667,1.0
